-- MySQL dump 10.13  Distrib 8.0.46, for Win64 (x86_64)
--
-- Host: 127.0.0.1    Database: sign_language_app
-- ------------------------------------------------------
-- Server version	8.0.46

/*!40101 SET @OLD_CHARACTER_SET_CLIENT=@@CHARACTER_SET_CLIENT */;
/*!40101 SET @OLD_CHARACTER_SET_RESULTS=@@CHARACTER_SET_RESULTS */;
/*!40101 SET @OLD_COLLATION_CONNECTION=@@COLLATION_CONNECTION */;
/*!50503 SET NAMES utf8 */;
/*!40103 SET @OLD_TIME_ZONE=@@TIME_ZONE */;
/*!40103 SET TIME_ZONE='+00:00' */;
/*!40014 SET @OLD_UNIQUE_CHECKS=@@UNIQUE_CHECKS, UNIQUE_CHECKS=0 */;
/*!40014 SET @OLD_FOREIGN_KEY_CHECKS=@@FOREIGN_KEY_CHECKS, FOREIGN_KEY_CHECKS=0 */;
/*!40101 SET @OLD_SQL_MODE=@@SQL_MODE, SQL_MODE='NO_AUTO_VALUE_ON_ZERO' */;
/*!40111 SET @OLD_SQL_NOTES=@@SQL_NOTES, SQL_NOTES=0 */;

--
-- Table structure for table `categories`
--

DROP TABLE IF EXISTS `categories`;
/*!40101 SET @saved_cs_client     = @@character_set_client */;
/*!50503 SET character_set_client = utf8mb4 */;
CREATE TABLE `categories` (
  `category_id` int NOT NULL AUTO_INCREMENT,
  `category_name` varchar(100) NOT NULL,
  PRIMARY KEY (`category_id`)
) ENGINE=InnoDB AUTO_INCREMENT=10 DEFAULT CHARSET=utf8mb4 COLLATE=utf8mb4_0900_ai_ci;
/*!40101 SET character_set_client = @saved_cs_client */;

--
-- Dumping data for table `categories`
--

LOCK TABLES `categories` WRITE;
/*!40000 ALTER TABLE `categories` DISABLE KEYS */;
INSERT INTO `categories` VALUES (1,'Greetings'),(2,'Daily Actions'),(3,'School'),(4,'Family'),(5,'Emotion'),(6,'Food'),(7,'Numbers'),(8,'Colors'),(9,'General');
/*!40000 ALTER TABLE `categories` ENABLE KEYS */;
UNLOCK TABLES;

--
-- Table structure for table `learning_results`
--

DROP TABLE IF EXISTS `learning_results`;
/*!40101 SET @saved_cs_client     = @@character_set_client */;
/*!50503 SET character_set_client = utf8mb4 */;
CREATE TABLE `learning_results` (
  `result_id` int NOT NULL AUTO_INCREMENT,
  `user_id` int DEFAULT NULL,
  `quiz_id` int DEFAULT NULL,
  `selected_answer` varchar(100) DEFAULT NULL,
  `is_correct` tinyint(1) DEFAULT NULL,
  `score` float DEFAULT NULL,
  `submitted_at` timestamp NULL DEFAULT CURRENT_TIMESTAMP,
  PRIMARY KEY (`result_id`),
  KEY `user_id` (`user_id`),
  KEY `quiz_id` (`quiz_id`),
  CONSTRAINT `learning_results_ibfk_1` FOREIGN KEY (`user_id`) REFERENCES `users` (`user_id`) ON DELETE CASCADE,
  CONSTRAINT `learning_results_ibfk_2` FOREIGN KEY (`quiz_id`) REFERENCES `quizzes` (`quiz_id`) ON DELETE CASCADE
) ENGINE=InnoDB DEFAULT CHARSET=utf8mb4 COLLATE=utf8mb4_0900_ai_ci;
/*!40101 SET character_set_client = @saved_cs_client */;

--
-- Dumping data for table `learning_results`
--

LOCK TABLES `learning_results` WRITE;
/*!40000 ALTER TABLE `learning_results` DISABLE KEYS */;
/*!40000 ALTER TABLE `learning_results` ENABLE KEYS */;
UNLOCK TABLES;

--
-- Table structure for table `lessons`
--

DROP TABLE IF EXISTS `lessons`;
/*!40101 SET @saved_cs_client     = @@character_set_client */;
/*!50503 SET character_set_client = utf8mb4 */;
CREATE TABLE `lessons` (
  `lesson_id` int NOT NULL AUTO_INCREMENT,
  `title` varchar(100) NOT NULL,
  `category_id` int DEFAULT NULL,
  `video_url` varchar(255) DEFAULT NULL,
  `thumbnail` varchar(255) DEFAULT NULL,
  `difficulty` varchar(50) DEFAULT NULL,
  PRIMARY KEY (`lesson_id`),
  KEY `category_id` (`category_id`),
  CONSTRAINT `lessons_ibfk_1` FOREIGN KEY (`category_id`) REFERENCES `categories` (`category_id`) ON DELETE SET NULL
) ENGINE=InnoDB AUTO_INCREMENT=301 DEFAULT CHARSET=utf8mb4 COLLATE=utf8mb4_0900_ai_ci;
/*!40101 SET character_set_client = @saved_cs_client */;

--
-- Dumping data for table `lessons`
--

LOCK TABLES `lessons` WRITE;
/*!40000 ALTER TABLE `lessons` DISABLE KEYS */;
INSERT INTO `lessons` VALUES (1,'Book',3,'videos/69241.mp4','thumbnails/69241.jpg','Advanced'),(2,'Drink',2,'videos/69302.mp4','thumbnails/69302.jpg','Intermediate'),(3,'Computer',3,'videos/12328.mp4','thumbnails/12328.jpg','Advanced'),(4,'Before',9,'videos/05728.mp4','thumbnails/05728.jpg','Advanced'),(5,'Chair',9,'videos/09848.mp4','thumbnails/09848.jpg','Advanced'),(6,'Go',2,'videos/69345.mp4','thumbnails/69345.jpg','Intermediate'),(7,'Clothes',9,'videos/11310.mp4','thumbnails/11310.jpg','Advanced'),(8,'Who',1,'videos/69534.mp4','thumbnails/69534.jpg','Beginner'),(9,'Candy',6,'videos/08929.mp4','thumbnails/08929.jpg','Intermediate'),(10,'Cousin',4,'videos/65415.mp4','thumbnails/65415.jpg','Intermediate'),(11,'Deaf',9,'videos/14882.mp4','thumbnails/14882.jpg','Advanced'),(12,'Fine',1,'videos/21870.mp4','thumbnails/21870.jpg','Beginner'),(13,'Help',2,'videos/69364.mp4','thumbnails/69364.jpg','Intermediate'),(14,'No',1,'videos/69411.mp4','thumbnails/69411.jpg','Beginner'),(15,'Thin',9,'videos/57948.mp4','thumbnails/57948.jpg','Advanced'),(16,'Walk',2,'videos/62175.mp4','thumbnails/62175.jpg','Intermediate'),(17,'Year',9,'videos/64211.mp4','thumbnails/64211.jpg','Advanced'),(18,'Yes',1,'videos/69546.mp4','thumbnails/69546.jpg','Beginner'),(19,'All',7,'videos/69206.mp4','thumbnails/69206.jpg','Beginner'),(20,'Black',8,'videos/69236.mp4','thumbnails/69236.jpg','Beginner'),(21,'Cool',5,'videos/69281.mp4','thumbnails/69281.jpg','Advanced'),(22,'Finish',2,'videos/21942.mp4','thumbnails/21942.jpg','Intermediate'),(23,'Hot',9,'videos/69368.mp4','thumbnails/69368.jpg','Advanced'),(24,'Like',5,'videos/69389.mp4','thumbnails/69389.jpg','Advanced'),(25,'Many',7,'videos/69396.mp4','thumbnails/69396.jpg','Beginner'),(26,'Mother',4,'videos/69402.mp4','thumbnails/69402.jpg','Intermediate'),(27,'Now',9,'videos/69413.mp4','thumbnails/69413.jpg','Advanced'),(28,'Orange',6,'videos/69422.mp4','thumbnails/69422.jpg','Intermediate'),(29,'Table',9,'videos/56557.mp4','thumbnails/56557.jpg','Advanced'),(30,'Thanksgiving',9,'videos/57628.mp4','thumbnails/57628.jpg','Advanced'),(31,'What',1,'videos/69531.mp4','thumbnails/69531.jpg','Beginner'),(32,'Woman',4,'videos/63679.mp4','thumbnails/63679.jpg','Intermediate'),(33,'Bed',9,'videos/05644.mp4','thumbnails/05644.jpg','Advanced'),(34,'Blue',8,'videos/69238.mp4','thumbnails/69238.jpg','Beginner'),(35,'Bowling',9,'videos/07389.mp4','thumbnails/07389.jpg','Advanced'),(36,'Can',9,'videos/69257.mp4','thumbnails/69257.jpg','Advanced'),(37,'Dog',9,'videos/69298.mp4','thumbnails/69298.jpg','Advanced'),(38,'Family',4,'videos/69316.mp4','thumbnails/69316.jpg','Intermediate'),(39,'Fish',6,'videos/69325.mp4','thumbnails/69325.jpg','Intermediate'),(40,'Graduate',3,'videos/25339.mp4','thumbnails/25339.jpg','Advanced'),(41,'Hat',9,'videos/69359.mp4','thumbnails/69359.jpg','Advanced'),(42,'Hearing',9,'videos/65884.mp4','thumbnails/65884.jpg','Advanced'),(43,'Kiss',9,'videos/31767.mp4','thumbnails/31767.jpg','Advanced'),(44,'Language',9,'videos/32156.mp4','thumbnails/32156.jpg','Advanced'),(45,'Later',9,'videos/32337.mp4','thumbnails/32337.jpg','Advanced'),(46,'Man',4,'videos/69395.mp4','thumbnails/69395.jpg','Intermediate'),(47,'Shirt',9,'videos/51057.mp4','thumbnails/51057.jpg','Advanced'),(48,'Study',2,'videos/55364.mp4','thumbnails/55364.jpg','Intermediate'),(49,'Tall',9,'videos/56852.mp4','thumbnails/56852.jpg','Advanced'),(50,'White',8,'videos/69533.mp4','thumbnails/69533.jpg','Beginner'),(51,'Wrong',5,'videos/64087.mp4','thumbnails/64087.jpg','Advanced'),(52,'Accident',9,'videos/00639.mp4','thumbnails/00639.jpg','Advanced'),(53,'Apple',6,'videos/69213.mp4','thumbnails/69213.jpg','Intermediate'),(54,'Bird',9,'videos/69233.mp4','thumbnails/69233.jpg','Advanced'),(55,'Change',9,'videos/09966.mp4','thumbnails/09966.jpg','Advanced'),(56,'Color',8,'videos/69274.mp4','thumbnails/69274.jpg','Beginner'),(57,'Corn',6,'videos/69282.mp4','thumbnails/69282.jpg','Intermediate'),(58,'Cow',9,'videos/69283.mp4','thumbnails/69283.jpg','Advanced'),(59,'Dance',2,'videos/14627.mp4','thumbnails/14627.jpg','Intermediate'),(60,'Dark',9,'videos/69290.mp4','thumbnails/69290.jpg','Advanced'),(61,'Doctor',9,'videos/17015.mp4','thumbnails/17015.jpg','Advanced'),(62,'Eat',2,'videos/69307.mp4','thumbnails/69307.jpg','Intermediate'),(63,'Enjoy',5,'videos/19261.mp4','thumbnails/19261.jpg','Advanced'),(64,'Forget',9,'videos/65761.mp4','thumbnails/65761.jpg','Advanced'),(65,'Give',2,'videos/69343.mp4','thumbnails/69343.jpg','Intermediate'),(66,'Last',9,'videos/66010.mp4','thumbnails/66010.jpg','Advanced'),(67,'Meet',2,'videos/35511.mp4','thumbnails/35511.jpg','Intermediate'),(68,'Pink',8,'videos/69430.mp4','thumbnails/69430.jpg','Beginner'),(69,'Pizza',6,'videos/69431.mp4','thumbnails/69431.jpg','Intermediate'),(70,'Play',2,'videos/69433.mp4','thumbnails/69433.jpg','Intermediate'),(71,'School',3,'videos/69455.mp4','thumbnails/69455.jpg','Advanced'),(72,'Secretary',9,'videos/50037.mp4','thumbnails/50037.jpg','Advanced'),(73,'Short',9,'videos/51221.mp4','thumbnails/51221.jpg','Advanced'),(74,'Time',9,'videos/69511.mp4','thumbnails/69511.jpg','Advanced'),(75,'Want',9,'videos/69524.mp4','thumbnails/69524.jpg','Advanced'),(76,'Work',2,'videos/63806.mp4','thumbnails/63806.jpg','Intermediate'),(77,'Africa',9,'videos/01383.mp4','thumbnails/01383.jpg','Advanced'),(78,'Basketball',9,'videos/69225.mp4','thumbnails/69225.jpg','Advanced'),(79,'Birthday',9,'videos/65192.mp4','thumbnails/65192.jpg','Advanced'),(80,'Brown',8,'videos/69252.mp4','thumbnails/69252.jpg','Beginner'),(81,'But',9,'videos/08429.mp4','thumbnails/08429.jpg','Advanced'),(82,'Cheat',9,'videos/10147.mp4','thumbnails/10147.jpg','Advanced'),(83,'City',9,'videos/69269.mp4','thumbnails/69269.jpg','Advanced'),(84,'Cook',2,'videos/13158.mp4','thumbnails/13158.jpg','Intermediate'),(85,'Decide',9,'videos/15034.mp4','thumbnails/15034.jpg','Advanced'),(86,'Full',9,'videos/65792.mp4','thumbnails/65792.jpg','Advanced'),(87,'How',1,'videos/69370.mp4','thumbnails/69370.jpg','Beginner'),(88,'Jacket',9,'videos/30849.mp4','thumbnails/30849.jpg','Advanced'),(89,'Letter',9,'videos/66038.mp4','thumbnails/66038.jpg','Advanced'),(90,'Medicine',9,'videos/66111.mp4','thumbnails/66111.jpg','Advanced'),(91,'Need',9,'videos/37886.mp4','thumbnails/37886.jpg','Advanced'),(92,'Paint',9,'videos/40840.mp4','thumbnails/40840.jpg','Advanced'),(93,'Paper',3,'videos/41030.mp4','thumbnails/41030.jpg','Advanced'),(94,'Pull',9,'videos/69439.mp4','thumbnails/69439.jpg','Advanced'),(95,'Purple',8,'videos/69440.mp4','thumbnails/69440.jpg','Beginner'),(96,'Right',9,'videos/48105.mp4','thumbnails/48105.jpg','Advanced'),(97,'Same',9,'videos/49173.mp4','thumbnails/49173.jpg','Advanced'),(98,'Son',4,'videos/53273.mp4','thumbnails/53273.jpg','Intermediate'),(99,'Tell',2,'videos/57278.mp4','thumbnails/57278.jpg','Intermediate'),(100,'Thursday',9,'videos/58362.mp4','thumbnails/58362.jpg','Advanced'),(101,'Visit',9,'videos/61807.mp4','thumbnails/61807.jpg','Advanced'),(102,'Wait',2,'videos/62113.mp4','thumbnails/62113.jpg','Intermediate'),(103,'Water',6,'videos/62505.mp4','thumbnails/62505.jpg','Intermediate'),(104,'Wife',4,'videos/63329.mp4','thumbnails/63329.jpg','Intermediate'),(105,'Yellow',8,'videos/69545.mp4','thumbnails/69545.jpg','Beginner'),(106,'Backpack',3,'videos/04618.mp4','thumbnails/04618.jpg','Advanced'),(107,'Bar',9,'videos/65137.mp4','thumbnails/65137.jpg','Advanced'),(108,'Brother',4,'videos/69251.mp4','thumbnails/69251.jpg','Intermediate'),(109,'Cat',9,'videos/69261.mp4','thumbnails/69261.jpg','Advanced'),(110,'Check',2,'videos/65343.mp4','thumbnails/65343.jpg','Intermediate'),(111,'Class',3,'videos/69270.mp4','thumbnails/69270.jpg','Advanced'),(112,'Cry',5,'videos/14190.mp4','thumbnails/14190.jpg','Advanced'),(113,'Different',9,'videos/16195.mp4','thumbnails/16195.jpg','Advanced'),(114,'Door',9,'videos/17327.mp4','thumbnails/17327.jpg','Advanced'),(115,'Green',8,'videos/69353.mp4','thumbnails/69353.jpg','Beginner'),(116,'Hair',9,'videos/26173.mp4','thumbnails/26173.jpg','Advanced'),(117,'Have',9,'videos/69360.mp4','thumbnails/69360.jpg','Advanced'),(118,'Headache',9,'videos/26835.mp4','thumbnails/26835.jpg','Advanced'),(119,'Inform',9,'videos/29648.mp4','thumbnails/29648.jpg','Advanced'),(120,'Knife',9,'videos/31843.mp4','thumbnails/31843.jpg','Advanced'),(121,'Laugh',5,'videos/32398.mp4','thumbnails/32398.jpg','Advanced'),(122,'Learn',2,'videos/32608.mp4','thumbnails/32608.jpg','Intermediate'),(123,'Movie',9,'videos/37126.mp4','thumbnails/37126.jpg','Advanced'),(124,'Rabbit',9,'videos/45837.mp4','thumbnails/45837.jpg','Advanced'),(125,'Read',2,'videos/46266.mp4','thumbnails/46266.jpg','Intermediate'),(126,'Red',8,'videos/69446.mp4','thumbnails/69446.jpg','Beginner'),(127,'Room',3,'videos/48509.mp4','thumbnails/48509.jpg','Advanced'),(128,'Run',2,'videos/48797.mp4','thumbnails/48797.jpg','Intermediate'),(129,'Show',2,'videos/66473.mp4','thumbnails/66473.jpg','Intermediate'),(130,'Sick',9,'videos/69470.mp4','thumbnails/69470.jpg','Advanced'),(131,'Snow',9,'videos/69481.mp4','thumbnails/69481.jpg','Advanced'),(132,'Take',2,'videos/69500.mp4','thumbnails/69500.jpg','Intermediate'),(133,'Tea',6,'videos/57082.mp4','thumbnails/57082.jpg','Intermediate'),(134,'Teacher',3,'videos/57044.mp4','thumbnails/57044.jpg','Advanced'),(135,'Week',9,'videos/62746.mp4','thumbnails/62746.jpg','Advanced'),(136,'Why',1,'videos/63283.mp4','thumbnails/63283.jpg','Beginner'),(137,'With',9,'videos/69539.mp4','thumbnails/69539.jpg','Advanced'),(138,'Write',2,'videos/69544.mp4','thumbnails/69544.jpg','Intermediate'),(139,'Yesterday',9,'videos/64307.mp4','thumbnails/64307.jpg','Advanced'),(140,'Again',1,'videos/01466.mp4','thumbnails/01466.jpg','Beginner'),(141,'Bad',5,'videos/69219.mp4','thumbnails/69219.jpg','Advanced'),(142,'Ball',9,'videos/69221.mp4','thumbnails/69221.jpg','Advanced'),(143,'Bathroom',9,'videos/05299.mp4','thumbnails/05299.jpg','Advanced'),(144,'Blanket',9,'videos/06553.mp4','thumbnails/06553.jpg','Advanced'),(145,'Buy',2,'videos/69255.mp4','thumbnails/69255.jpg','Intermediate'),(146,'Call',2,'videos/65290.mp4','thumbnails/65290.jpg','Intermediate'),(147,'Coffee',6,'videos/11566.mp4','thumbnails/11566.jpg','Intermediate'),(148,'Cold',9,'videos/65377.mp4','thumbnails/65377.jpg','Advanced'),(149,'College',3,'videos/65379.mp4','thumbnails/65379.jpg','Advanced'),(150,'Copy',9,'videos/13269.mp4','thumbnails/13269.jpg','Advanced'),(151,'Cute',9,'videos/14457.mp4','thumbnails/14457.jpg','Advanced'),(152,'Daughter',4,'videos/14755.mp4','thumbnails/14755.jpg','Intermediate'),(153,'Example',9,'videos/20067.mp4','thumbnails/20067.jpg','Advanced'),(154,'Far',9,'videos/21073.mp4','thumbnails/21073.jpg','Advanced'),(155,'First',7,'videos/22086.mp4','thumbnails/22086.jpg','Beginner'),(156,'Friend',9,'videos/23574.mp4','thumbnails/23574.jpg','Advanced'),(157,'Good',1,'videos/69347.mp4','thumbnails/69347.jpg','Beginner'),(158,'Happy',5,'videos/26530.mp4','thumbnails/26530.jpg','Advanced'),(159,'Home',9,'videos/69366.mp4','thumbnails/69366.jpg','Advanced'),(160,'Know',9,'videos/31900.mp4','thumbnails/31900.jpg','Advanced'),(161,'Late',9,'videos/32304.mp4','thumbnails/32304.jpg','Advanced'),(162,'Leave',9,'videos/32655.mp4','thumbnails/32655.jpg','Advanced'),(163,'List',9,'videos/33475.mp4','thumbnails/33475.jpg','Advanced'),(164,'Name',9,'videos/69405.mp4','thumbnails/69405.jpg','Advanced'),(165,'Old',9,'videos/69419.mp4','thumbnails/69419.jpg','Advanced'),(166,'Person',4,'videos/42227.mp4','thumbnails/42227.jpg','Intermediate'),(167,'Police',9,'videos/43528.mp4','thumbnails/43528.jpg','Advanced'),(168,'Problem',9,'videos/44684.mp4','thumbnails/44684.jpg','Advanced'),(169,'Remember',9,'videos/47178.mp4','thumbnails/47178.jpg','Advanced'),(170,'Share',9,'videos/50855.mp4','thumbnails/50855.jpg','Advanced'),(171,'Soon',9,'videos/53295.mp4','thumbnails/53295.jpg','Advanced'),(172,'Stay',9,'videos/54561.mp4','thumbnails/54561.jpg','Advanced'),(173,'Sunday',9,'videos/55773.mp4','thumbnails/55773.jpg','Advanced'),(174,'Test',3,'videos/57530.mp4','thumbnails/57530.jpg','Advanced'),(175,'Tired',5,'videos/58594.mp4','thumbnails/58594.jpg','Advanced'),(176,'Trade',9,'videos/59206.mp4','thumbnails/59206.jpg','Advanced'),(177,'Travel',9,'videos/59500.mp4','thumbnails/59500.jpg','Advanced'),(178,'Window',9,'videos/66791.mp4','thumbnails/66791.jpg','Advanced'),(179,'You',1,'videos/69547.mp4','thumbnails/69547.jpg','Beginner'),(180,'About',9,'videos/00416.mp4','thumbnails/00416.jpg','Advanced'),(181,'Approve',9,'videos/03122.mp4','thumbnails/03122.jpg','Advanced'),(182,'Arrive',9,'videos/03441.mp4','thumbnails/03441.jpg','Advanced'),(183,'Balance',9,'videos/04801.mp4','thumbnails/04801.jpg','Advanced'),(184,'Banana',6,'videos/04900.mp4','thumbnails/04900.jpg','Intermediate'),(185,'Beard',9,'videos/05470.mp4','thumbnails/05470.jpg','Advanced'),(186,'Because',9,'videos/05598.mp4','thumbnails/05598.jpg','Advanced'),(187,'Boy',9,'videos/69245.mp4','thumbnails/69245.jpg','Advanced'),(188,'Business',9,'videos/08372.mp4','thumbnails/08372.jpg','Advanced'),(189,'Careful',9,'videos/09185.mp4','thumbnails/09185.jpg','Advanced'),(190,'Center',9,'videos/09723.mp4','thumbnails/09723.jpg','Advanced'),(191,'Chat',9,'videos/10104.mp4','thumbnails/10104.jpg','Advanced'),(192,'Children',4,'videos/10464.mp4','thumbnails/10464.jpg','Intermediate'),(193,'Christmas',9,'videos/10708.mp4','thumbnails/10708.jpg','Advanced'),(194,'Clock',9,'videos/11198.mp4','thumbnails/11198.jpg','Advanced'),(195,'Close',2,'videos/11252.mp4','thumbnails/11252.jpg','Intermediate'),(196,'Convince',9,'videos/13135.mp4','thumbnails/13135.jpg','Advanced'),(197,'Country',9,'videos/13546.mp4','thumbnails/13546.jpg','Advanced'),(198,'Crash',9,'videos/69284.mp4','thumbnails/69284.jpg','Advanced'),(199,'Day',9,'videos/69291.mp4','thumbnails/69291.jpg','Advanced'),(200,'Discuss',9,'videos/16587.mp4','thumbnails/16587.jpg','Advanced'),(201,'Dress',9,'videos/65535.mp4','thumbnails/65535.jpg','Advanced'),(202,'Drive',2,'videos/17761.mp4','thumbnails/17761.jpg','Intermediate'),(203,'Drop',9,'videos/65544.mp4','thumbnails/65544.jpg','Advanced'),(204,'Fat',9,'videos/65692.mp4','thumbnails/65692.jpg','Advanced'),(205,'Feel',9,'videos/69319.mp4','thumbnails/69319.jpg','Advanced'),(206,'Football',9,'videos/69331.mp4','thumbnails/69331.jpg','Advanced'),(207,'Future',9,'videos/23951.mp4','thumbnails/23951.jpg','Advanced'),(208,'Game',9,'videos/24033.mp4','thumbnails/24033.jpg','Advanced'),(209,'Girl',9,'videos/69342.mp4','thumbnails/69342.jpg','Advanced'),(210,'Government',9,'videos/25244.mp4','thumbnails/25244.jpg','Advanced'),(211,'Hear',9,'videos/26946.mp4','thumbnails/26946.jpg','Advanced'),(212,'Here',9,'videos/69365.mp4','thumbnails/69365.jpg','Advanced'),(213,'Hope',9,'videos/27922.mp4','thumbnails/27922.jpg','Advanced'),(214,'House',9,'videos/69369.mp4','thumbnails/69369.jpg','Advanced'),(215,'Husband',4,'videos/28469.mp4','thumbnails/28469.jpg','Intermediate'),(216,'Interest',9,'videos/65950.mp4','thumbnails/65950.jpg','Advanced'),(217,'Join',9,'videos/31151.mp4','thumbnails/31151.jpg','Advanced'),(218,'Light',9,'videos/66069.mp4','thumbnails/66069.jpg','Advanced'),(219,'Live',9,'videos/33545.mp4','thumbnails/33545.jpg','Advanced'),(220,'Make',9,'videos/34581.mp4','thumbnails/34581.jpg','Advanced'),(221,'Mean',9,'videos/35305.mp4','thumbnails/35305.jpg','Advanced'),(222,'More',7,'videos/69401.mp4','thumbnails/69401.jpg','Beginner'),(223,'Most',7,'videos/66145.mp4','thumbnails/66145.jpg','Beginner'),(224,'Music',9,'videos/37370.mp4','thumbnails/37370.jpg','Advanced'),(225,'New',9,'videos/69407.mp4','thumbnails/69407.jpg','Advanced'),(226,'None',9,'videos/69412.mp4','thumbnails/69412.jpg','Advanced'),(227,'Office',9,'videos/39460.mp4','thumbnails/39460.jpg','Advanced'),(228,'Order',9,'videos/66248.mp4','thumbnails/66248.jpg','Advanced'),(229,'Pants',9,'videos/66261.mp4','thumbnails/66261.jpg','Advanced'),(230,'Party',9,'videos/41315.mp4','thumbnails/41315.jpg','Advanced'),(231,'Past',9,'videos/41452.mp4','thumbnails/41452.jpg','Advanced'),(232,'Pencil',3,'videos/41822.mp4','thumbnails/41822.jpg','Advanced'),(233,'Plan',9,'videos/43062.mp4','thumbnails/43062.jpg','Advanced'),(234,'Please',1,'videos/69434.mp4','thumbnails/69434.jpg','Beginner'),(235,'Practice',9,'videos/44087.mp4','thumbnails/44087.jpg','Advanced'),(236,'President',9,'videos/44373.mp4','thumbnails/44373.jpg','Advanced'),(237,'Restaurant',9,'videos/47661.mp4','thumbnails/47661.jpg','Advanced'),(238,'Ride',2,'videos/48050.mp4','thumbnails/48050.jpg','Intermediate'),(239,'Russia',9,'videos/48901.mp4','thumbnails/48901.jpg','Advanced'),(240,'Salt',6,'videos/69451.mp4','thumbnails/69451.jpg','Intermediate'),(241,'Sandwich',9,'videos/49250.mp4','thumbnails/49250.jpg','Advanced'),(242,'Sign',9,'videos/66478.mp4','thumbnails/66478.jpg','Advanced'),(243,'Since',9,'videos/69472.mp4','thumbnails/69472.jpg','Advanced'),(244,'Small',9,'videos/52552.mp4','thumbnails/52552.jpg','Advanced'),(245,'Some',9,'videos/69484.mp4','thumbnails/69484.jpg','Advanced'),(246,'South',9,'videos/53488.mp4','thumbnails/53488.jpg','Advanced'),(247,'Student',3,'videos/69494.mp4','thumbnails/69494.jpg','Advanced'),(248,'Teach',9,'videos/57058.mp4','thumbnails/57058.jpg','Advanced'),(249,'Theory',9,'videos/57785.mp4','thumbnails/57785.jpg','Advanced'),(250,'Tomato',6,'videos/58791.mp4','thumbnails/58791.jpg','Intermediate'),(251,'Train',9,'videos/59310.mp4','thumbnails/59310.jpg','Advanced'),(252,'Ugly',9,'videos/60352.mp4','thumbnails/60352.jpg','Advanced'),(253,'War',9,'videos/62279.mp4','thumbnails/62279.jpg','Advanced'),(254,'Where',1,'videos/63087.mp4','thumbnails/63087.jpg','Beginner'),(255,'Your',9,'videos/64433.mp4','thumbnails/64433.jpg','Advanced'),(256,'Always',9,'videos/65061.mp4','thumbnails/65061.jpg','Advanced'),(257,'Animal',9,'videos/69211.mp4','thumbnails/69211.jpg','Advanced'),(258,'Argue',9,'videos/03268.mp4','thumbnails/03268.jpg','Advanced'),(259,'Baby',4,'videos/69217.mp4','thumbnails/69217.jpg','Intermediate'),(260,'Back',9,'videos/69218.mp4','thumbnails/69218.jpg','Advanced'),(261,'Bake',9,'videos/04775.mp4','thumbnails/04775.jpg','Advanced'),(262,'Bath',9,'videos/65147.mp4','thumbnails/65147.jpg','Advanced'),(263,'Behind',9,'videos/05808.mp4','thumbnails/05808.jpg','Advanced'),(264,'Bring',9,'videos/69250.mp4','thumbnails/69250.jpg','Advanced'),(265,'Catch',9,'videos/69262.mp4','thumbnails/69262.jpg','Advanced'),(266,'Cereal',6,'videos/69264.mp4','thumbnails/69264.jpg','Intermediate'),(267,'Champion',9,'videos/09920.mp4','thumbnails/09920.jpg','Advanced'),(268,'Cheese',9,'videos/10275.mp4','thumbnails/10275.jpg','Advanced'),(269,'Cough',9,'videos/13473.mp4','thumbnails/13473.jpg','Advanced'),(270,'Crazy',9,'videos/13863.mp4','thumbnails/13863.jpg','Advanced'),(271,'Delay',9,'videos/15325.mp4','thumbnails/15325.jpg','Advanced'),(272,'Delicious',9,'videos/15363.mp4','thumbnails/15363.jpg','Advanced'),(273,'Disappear',9,'videos/16441.mp4','thumbnails/16441.jpg','Advanced'),(274,'Divorce',9,'videos/16966.mp4','thumbnails/16966.jpg','Advanced'),(275,'Draw',9,'videos/65531.mp4','thumbnails/65531.jpg','Advanced'),(276,'East',9,'videos/18294.mp4','thumbnails/18294.jpg','Advanced'),(277,'Easy',9,'videos/18315.mp4','thumbnails/18315.jpg','Advanced'),(278,'Egg',6,'videos/18494.mp4','thumbnails/18494.jpg','Intermediate'),(279,'Environment',9,'videos/19410.mp4','thumbnails/19410.jpg','Advanced'),(280,'Father',4,'videos/69318.mp4','thumbnails/69318.jpg','Intermediate'),(281,'Fault',9,'videos/21275.mp4','thumbnails/21275.jpg','Advanced'),(282,'Flower',9,'videos/65746.mp4','thumbnails/65746.jpg','Advanced'),(283,'Friendly',9,'videos/65783.mp4','thumbnails/65783.jpg','Advanced'),(284,'Glasses',9,'videos/24724.mp4','thumbnails/24724.jpg','Advanced'),(285,'Halloween',9,'videos/26255.mp4','thumbnails/26255.jpg','Advanced'),(286,'Hard',9,'videos/69358.mp4','thumbnails/69358.jpg','Advanced'),(287,'Heart',9,'videos/27044.mp4','thumbnails/27044.jpg','Advanced'),(288,'Hour',9,'videos/28140.mp4','thumbnails/28140.jpg','Advanced'),(289,'Humble',9,'videos/28311.mp4','thumbnails/28311.jpg','Advanced'),(290,'Hurry',9,'videos/28423.mp4','thumbnails/28423.jpg','Advanced'),(291,'Improve',9,'videos/29143.mp4','thumbnails/29143.jpg','Advanced'),(292,'Internet',9,'videos/30235.mp4','thumbnails/30235.jpg','Advanced'),(293,'Jump',2,'videos/69380.mp4','thumbnails/69380.jpg','Intermediate'),(294,'Kill',9,'videos/31655.mp4','thumbnails/31655.jpg','Advanced'),(295,'Law',9,'videos/66017.mp4','thumbnails/66017.jpg','Advanced'),(296,'Match',9,'videos/66106.mp4','thumbnails/66106.jpg','Advanced'),(297,'Meat',6,'videos/35369.mp4','thumbnails/35369.jpg','Intermediate'),(298,'Milk',6,'videos/36050.mp4','thumbnails/36050.jpg','Intermediate'),(299,'Money',9,'videos/36651.mp4','thumbnails/36651.jpg','Advanced'),(300,'Month',9,'videos/36741.mp4','thumbnails/36741.jpg','Advanced');
/*!40000 ALTER TABLE `lessons` ENABLE KEYS */;
UNLOCK TABLES;

--
-- Table structure for table `quizzes`
--

DROP TABLE IF EXISTS `quizzes`;
/*!40101 SET @saved_cs_client     = @@character_set_client */;
/*!50503 SET character_set_client = utf8mb4 */;
CREATE TABLE `quizzes` (
  `quiz_id` int NOT NULL AUTO_INCREMENT,
  `lesson_id` int DEFAULT NULL,
  `question` text NOT NULL,
  `option_1` varchar(100) DEFAULT NULL,
  `option_2` varchar(100) DEFAULT NULL,
  `option_3` varchar(100) DEFAULT NULL,
  `option_4` varchar(100) DEFAULT NULL,
  `correct_answer` varchar(100) DEFAULT NULL,
  `video_url` varchar(255) DEFAULT NULL,
  `thumbnail` varchar(255) DEFAULT NULL,
  `category` varchar(100) DEFAULT NULL,
  `difficulty` varchar(50) DEFAULT NULL,
  PRIMARY KEY (`quiz_id`),
  KEY `lesson_id` (`lesson_id`),
  CONSTRAINT `quizzes_ibfk_1` FOREIGN KEY (`lesson_id`) REFERENCES `lessons` (`lesson_id`) ON DELETE CASCADE
) ENGINE=InnoDB AUTO_INCREMENT=301 DEFAULT CHARSET=utf8mb4 COLLATE=utf8mb4_0900_ai_ci;
/*!40101 SET character_set_client = @saved_cs_client */;

--
-- Dumping data for table `quizzes`
--

LOCK TABLES `quizzes` WRITE;
/*!40000 ALTER TABLE `quizzes` DISABLE KEYS */;
INSERT INTO `quizzes` VALUES (1,1,'What does this sign mean?','Computer','School','College','Book','Book','videos/69241.mp4','thumbnails/69241.jpg','School','Advanced'),(2,2,'What does this sign mean?','Drink','Jump','Cook','Read','Drink','videos/69302.mp4','thumbnails/69302.jpg','Daily Actions','Intermediate'),(3,3,'What does this sign mean?','School','Computer','College','Class','Computer','videos/12328.mp4','thumbnails/12328.jpg','School','Advanced'),(4,4,'What does this sign mean?','Dark','Before','But','Paint','Before','videos/05728.mp4','thumbnails/05728.jpg','General','Advanced'),(5,5,'What does this sign mean?','Balance','Chair','Behind','Cute','Chair','videos/09848.mp4','thumbnails/09848.jpg','General','Advanced'),(6,6,'What does this sign mean?','Finish','Go','Run','Call','Go','videos/69345.mp4','thumbnails/69345.jpg','Daily Actions','Intermediate'),(7,7,'What does this sign mean?','Letter','Later','Clothes','Now','Clothes','videos/11310.mp4','thumbnails/11310.jpg','General','Advanced'),(8,8,'What does this sign mean?','What','Yes','Who','Where','Who','videos/69534.mp4','thumbnails/69534.jpg','Greetings','Beginner'),(9,9,'What does this sign mean?','Cereal','Apple','Egg','Candy','Candy','videos/08929.mp4','thumbnails/08929.jpg','Food','Intermediate'),(10,10,'What does this sign mean?','Son','Cousin','Person','Wife','Cousin','videos/65415.mp4','thumbnails/65415.jpg','Family','Intermediate'),(11,11,'What does this sign mean?','Change','Deaf','Bird','Humble','Deaf','videos/14882.mp4','thumbnails/14882.jpg','General','Advanced'),(12,12,'What does this sign mean?','Where','You','Yes','Fine','Fine','videos/21870.mp4','thumbnails/21870.jpg','Greetings','Beginner'),(13,13,'What does this sign mean?','Finish','Go','Jump','Help','Help','videos/69364.mp4','thumbnails/69364.jpg','Daily Actions','Intermediate'),(14,14,'What does this sign mean?','You','Again','No','Yes','No','videos/69411.mp4','thumbnails/69411.jpg','Greetings','Beginner'),(15,15,'What does this sign mean?','Door','Thin','Dark','Have','Thin','videos/57948.mp4','thumbnails/57948.jpg','General','Advanced'),(16,16,'What does this sign mean?','Write','Ride','Buy','Walk','Walk','videos/62175.mp4','thumbnails/62175.jpg','Daily Actions','Intermediate'),(17,17,'What does this sign mean?','Kiss','Deaf','Year','Hot','Year','videos/64211.mp4','thumbnails/64211.jpg','General','Advanced'),(18,18,'What does this sign mean?','Good','Who','Yes','No','Yes','videos/69546.mp4','thumbnails/69546.jpg','Greetings','Beginner'),(19,19,'What does this sign mean?','Most','More','All','Many','All','videos/69206.mp4','thumbnails/69206.jpg','Numbers','Beginner'),(20,20,'What does this sign mean?','Brown','Black','Color','Purple','Black','videos/69236.mp4','thumbnails/69236.jpg','Colors','Beginner'),(21,21,'What does this sign mean?','Cool','Wrong','Like','Cry','Cool','videos/69281.mp4','thumbnails/69281.jpg','Emotion','Advanced'),(22,22,'What does this sign mean?','Finish','Play','Walk','Write','Finish','videos/21942.mp4','thumbnails/21942.jpg','Daily Actions','Intermediate'),(23,23,'What does this sign mean?','War','Week','Hot','Remember','Hot','videos/69368.mp4','thumbnails/69368.jpg','General','Advanced'),(24,24,'What does this sign mean?','Happy','Enjoy','Cry','Like','Like','videos/69389.mp4','thumbnails/69389.jpg','Emotion','Advanced'),(25,25,'What does this sign mean?','More','Most','Many','All','Many','videos/69396.mp4','thumbnails/69396.jpg','Numbers','Beginner'),(26,26,'What does this sign mean?','Son','Wife','Mother','Cousin','Mother','videos/69402.mp4','thumbnails/69402.jpg','Family','Intermediate'),(27,27,'What does this sign mean?','Now','Can','Balance','Bar','Now','videos/69413.mp4','thumbnails/69413.jpg','General','Advanced'),(28,28,'What does this sign mean?','Cereal','Egg','Tomato','Orange','Orange','videos/69422.mp4','thumbnails/69422.jpg','Food','Intermediate'),(29,29,'What does this sign mean?','Crash','Table','Home','Make','Table','videos/56557.mp4','thumbnails/56557.jpg','General','Advanced'),(30,30,'What does this sign mean?','Snow','Old','Thanksgiving','Trade','Thanksgiving','videos/57628.mp4','thumbnails/57628.jpg','General','Advanced'),(31,31,'What does this sign mean?','What','Who','Again','Fine','What','videos/69531.mp4','thumbnails/69531.jpg','Greetings','Beginner'),(32,32,'What does this sign mean?','Daughter','Woman','Son','Person','Woman','videos/63679.mp4','thumbnails/63679.jpg','Family','Intermediate'),(33,33,'What does this sign mean?','Share','Accident','Cheese','Bed','Bed','videos/05644.mp4','thumbnails/05644.jpg','General','Advanced'),(34,34,'What does this sign mean?','Black','White','Brown','Blue','Blue','videos/69238.mp4','thumbnails/69238.jpg','Colors','Beginner'),(35,35,'What does this sign mean?','Copy','Bowling','Game','Humble','Bowling','videos/07389.mp4','thumbnails/07389.jpg','General','Advanced'),(36,36,'What does this sign mean?','Since','Door','Can','Office','Can','videos/69257.mp4','thumbnails/69257.jpg','General','Advanced'),(37,37,'What does this sign mean?','Flower','Basketball','Dog','List','Dog','videos/69298.mp4','thumbnails/69298.jpg','General','Advanced'),(38,38,'What does this sign mean?','Son','Man','Woman','Family','Family','videos/69316.mp4','thumbnails/69316.jpg','Family','Intermediate'),(39,39,'What does this sign mean?','Salt','Tomato','Banana','Fish','Fish','videos/69325.mp4','thumbnails/69325.jpg','Food','Intermediate'),(40,40,'What does this sign mean?','College','Graduate','Teacher','Test','Graduate','videos/25339.mp4','thumbnails/25339.jpg','School','Advanced'),(41,41,'What does this sign mean?','Week','Can','Hat','Name','Hat','videos/69359.mp4','thumbnails/69359.jpg','General','Advanced'),(42,42,'What does this sign mean?','None','Teach','Hearing','Accident','Hearing','videos/65884.mp4','thumbnails/65884.jpg','General','Advanced'),(43,43,'What does this sign mean?','House','Chair','Full','Kiss','Kiss','videos/31767.mp4','thumbnails/31767.jpg','General','Advanced'),(44,44,'What does this sign mean?','Discuss','Interest','Birthday','Language','Language','videos/32156.mp4','thumbnails/32156.jpg','General','Advanced'),(45,45,'What does this sign mean?','Divorce','Soon','Later','Share','Later','videos/32337.mp4','thumbnails/32337.jpg','General','Advanced'),(46,46,'What does this sign mean?','Man','Baby','Woman','Cousin','Man','videos/69395.mp4','thumbnails/69395.jpg','Family','Intermediate'),(47,47,'What does this sign mean?','Russia','Shirt','Boy','Pants','Shirt','videos/51057.mp4','thumbnails/51057.jpg','General','Advanced'),(48,48,'What does this sign mean?','Study','Walk','Drive','Play','Study','videos/55364.mp4','thumbnails/55364.jpg','Daily Actions','Intermediate'),(49,49,'What does this sign mean?','Different','Tall','Restaurant','Match','Tall','videos/56852.mp4','thumbnails/56852.jpg','General','Advanced'),(50,50,'What does this sign mean?','White','Red','Yellow','Color','White','videos/69533.mp4','thumbnails/69533.jpg','Colors','Beginner'),(51,51,'What does this sign mean?','Cool','Bad','Wrong','Tired','Wrong','videos/64087.mp4','thumbnails/64087.jpg','Emotion','Advanced'),(52,52,'What does this sign mean?','Match','Jacket','Cat','Accident','Accident','videos/00639.mp4','thumbnails/00639.jpg','General','Advanced'),(53,53,'What does this sign mean?','Cereal','Pizza','Apple','Candy','Apple','videos/69213.mp4','thumbnails/69213.jpg','Food','Intermediate'),(54,54,'What does this sign mean?','Teach','Door','Bird','Football','Bird','videos/69233.mp4','thumbnails/69233.jpg','General','Advanced'),(55,55,'What does this sign mean?','Money','Hot','Bed','Change','Change','videos/09966.mp4','thumbnails/09966.jpg','General','Advanced'),(56,56,'What does this sign mean?','Black','Red','Color','Purple','Color','videos/69274.mp4','thumbnails/69274.jpg','Colors','Beginner'),(57,57,'What does this sign mean?','Cereal','Corn','Meat','Pizza','Corn','videos/69282.mp4','thumbnails/69282.jpg','Food','Intermediate'),(58,58,'What does this sign mean?','Office','Yesterday','Cow','Humble','Cow','videos/69283.mp4','thumbnails/69283.jpg','General','Advanced'),(59,59,'What does this sign mean?','Dance','Help','Read','Buy','Dance','videos/14627.mp4','thumbnails/14627.jpg','Daily Actions','Intermediate'),(60,60,'What does this sign mean?','Dark','Convince','Bath','Cheat','Dark','videos/69290.mp4','thumbnails/69290.jpg','General','Advanced'),(61,61,'What does this sign mean?','Doctor','Improve','Week','Internet','Doctor','videos/17015.mp4','thumbnails/17015.jpg','General','Advanced'),(62,62,'What does this sign mean?','Read','Eat','Walk','Work','Eat','videos/69307.mp4','thumbnails/69307.jpg','Daily Actions','Intermediate'),(63,63,'What does this sign mean?','Cry','Enjoy','Cool','Laugh','Enjoy','videos/19261.mp4','thumbnails/19261.jpg','Emotion','Advanced'),(64,64,'What does this sign mean?','City','Time','Forget','Hope','Forget','videos/65761.mp4','thumbnails/65761.jpg','General','Advanced'),(65,65,'What does this sign mean?','Show','Tell','Work','Give','Give','videos/69343.mp4','thumbnails/69343.jpg','Daily Actions','Intermediate'),(66,66,'What does this sign mean?','Last','Order','Right','Jacket','Last','videos/66010.mp4','thumbnails/66010.jpg','General','Advanced'),(67,67,'What does this sign mean?','Help','Read','Meet','Write','Meet','videos/35511.mp4','thumbnails/35511.jpg','Daily Actions','Intermediate'),(68,68,'What does this sign mean?','Pink','Red','Purple','White','Pink','videos/69430.mp4','thumbnails/69430.jpg','Colors','Beginner'),(69,69,'What does this sign mean?','Orange','Water','Pizza','Banana','Pizza','videos/69431.mp4','thumbnails/69431.jpg','Food','Intermediate'),(70,70,'What does this sign mean?','Jump','Call','Dance','Play','Play','videos/69433.mp4','thumbnails/69433.jpg','Daily Actions','Intermediate'),(71,71,'What does this sign mean?','Test','Pencil','Teacher','School','School','videos/69455.mp4','thumbnails/69455.jpg','School','Advanced'),(72,72,'What does this sign mean?','Medicine','Cat','Secretary','Sign','Secretary','videos/50037.mp4','thumbnails/50037.jpg','General','Advanced'),(73,73,'What does this sign mean?','Mean','Forget','With','Short','Short','videos/51221.mp4','thumbnails/51221.jpg','General','Advanced'),(74,74,'What does this sign mean?','City','Time','Hot','Game','Time','videos/69511.mp4','thumbnails/69511.jpg','General','Advanced'),(75,75,'What does this sign mean?','Copy','Later','Doctor','Want','Want','videos/69524.mp4','thumbnails/69524.jpg','General','Advanced'),(76,76,'What does this sign mean?','Give','Learn','Write','Work','Work','videos/63806.mp4','thumbnails/63806.jpg','Daily Actions','Intermediate'),(77,77,'What does this sign mean?','Christmas','Short','Argue','Africa','Africa','videos/01383.mp4','thumbnails/01383.jpg','General','Advanced'),(78,78,'What does this sign mean?','Basketball','Different','Cough','Light','Basketball','videos/69225.mp4','thumbnails/69225.jpg','General','Advanced'),(79,79,'What does this sign mean?','East','Divorce','Birthday','Hard','Birthday','videos/65192.mp4','thumbnails/65192.jpg','General','Advanced'),(80,80,'What does this sign mean?','Green','Yellow','Brown','Blue','Brown','videos/69252.mp4','thumbnails/69252.jpg','Colors','Beginner'),(81,81,'What does this sign mean?','But','Same','Day','Bathroom','But','videos/08429.mp4','thumbnails/08429.jpg','General','Advanced'),(82,82,'What does this sign mean?','Hour','Cheat','Bowling','Bar','Cheat','videos/10147.mp4','thumbnails/10147.jpg','General','Advanced'),(83,83,'What does this sign mean?','Rabbit','Medicine','Drop','City','City','videos/69269.mp4','thumbnails/69269.jpg','General','Advanced'),(84,84,'What does this sign mean?','Show','Buy','Meet','Cook','Cook','videos/13158.mp4','thumbnails/13158.jpg','Daily Actions','Intermediate'),(85,85,'What does this sign mean?','Flower','Jacket','Example','Decide','Decide','videos/15034.mp4','thumbnails/15034.jpg','General','Advanced'),(86,86,'What does this sign mean?','Order','Humble','Sign','Full','Full','videos/65792.mp4','thumbnails/65792.jpg','General','Advanced'),(87,87,'What does this sign mean?','What','Yes','How','Why','How','videos/69370.mp4','thumbnails/69370.jpg','Greetings','Beginner'),(88,88,'What does this sign mean?','Past','Jacket','Ugly','Bathroom','Jacket','videos/30849.mp4','thumbnails/30849.jpg','General','Advanced'),(89,89,'What does this sign mean?','Rabbit','Letter','Light','Basketball','Letter','videos/66038.mp4','thumbnails/66038.jpg','General','Advanced'),(90,90,'What does this sign mean?','Secretary','Late','None','Medicine','Medicine','videos/66111.mp4','thumbnails/66111.jpg','General','Advanced'),(91,91,'What does this sign mean?','Fat','Dark','Need','Bake','Need','videos/37886.mp4','thumbnails/37886.jpg','General','Advanced'),(92,92,'What does this sign mean?','Cow','Paint','Window','Change','Paint','videos/40840.mp4','thumbnails/40840.jpg','General','Advanced'),(93,93,'What does this sign mean?','Graduate','Student','School','Paper','Paper','videos/41030.mp4','thumbnails/41030.jpg','School','Advanced'),(94,94,'What does this sign mean?','House','Dress','Pull','Paint','Pull','videos/69439.mp4','thumbnails/69439.jpg','General','Advanced'),(95,95,'What does this sign mean?','Purple','Yellow','Black','Brown','Purple','videos/69440.mp4','thumbnails/69440.jpg','Colors','Beginner'),(96,96,'What does this sign mean?','Copy','Right','Have','None','Right','videos/48105.mp4','thumbnails/48105.jpg','General','Advanced'),(97,97,'What does this sign mean?','Same','Internet','Crash','Trade','Same','videos/49173.mp4','thumbnails/49173.jpg','General','Advanced'),(98,98,'What does this sign mean?','Son','Father','Cousin','Baby','Son','videos/53273.mp4','thumbnails/53273.jpg','Family','Intermediate'),(99,99,'What does this sign mean?','Tell','Eat','Close','Write','Tell','videos/57278.mp4','thumbnails/57278.jpg','Daily Actions','Intermediate'),(100,100,'What does this sign mean?','Thursday','Office','Sick','Money','Thursday','videos/58362.mp4','thumbnails/58362.jpg','General','Advanced'),(101,101,'What does this sign mean?','Visit','Cough','Careful','Mean','Visit','videos/61807.mp4','thumbnails/61807.jpg','General','Advanced'),(102,102,'What does this sign mean?','Wait','Go','Take','Study','Wait','videos/62113.mp4','thumbnails/62113.jpg','Daily Actions','Intermediate'),(103,103,'What does this sign mean?','Water','Coffee','Apple','Orange','Water','videos/62505.mp4','thumbnails/62505.jpg','Food','Intermediate'),(104,104,'What does this sign mean?','Son','Cousin','Wife','Children','Wife','videos/63329.mp4','thumbnails/63329.jpg','Family','Intermediate'),(105,105,'What does this sign mean?','Black','Yellow','Pink','Green','Yellow','videos/69545.mp4','thumbnails/69545.jpg','Colors','Beginner'),(106,106,'What does this sign mean?','Class','Backpack','Computer','Test','Backpack','videos/04618.mp4','thumbnails/04618.jpg','School','Advanced'),(107,107,'What does this sign mean?','Day','Bar','Need','Travel','Bar','videos/65137.mp4','thumbnails/65137.jpg','General','Advanced'),(108,108,'What does this sign mean?','Baby','Wife','Brother','Children','Brother','videos/69251.mp4','thumbnails/69251.jpg','Family','Intermediate'),(109,109,'What does this sign mean?','Cat','Pull','Environment','Bird','Cat','videos/69261.mp4','thumbnails/69261.jpg','General','Advanced'),(110,110,'What does this sign mean?','Run','Take','Check','Dance','Check','videos/65343.mp4','thumbnails/65343.jpg','Daily Actions','Intermediate'),(111,111,'What does this sign mean?','Computer','Class','College','School','Class','videos/69270.mp4','thumbnails/69270.jpg','School','Advanced'),(112,112,'What does this sign mean?','Tired','Enjoy','Cool','Cry','Cry','videos/14190.mp4','thumbnails/14190.jpg','Emotion','Advanced'),(113,113,'What does this sign mean?','Boy','Light','Different','Clock','Different','videos/16195.mp4','thumbnails/16195.jpg','General','Advanced'),(114,114,'What does this sign mean?','Change','Police','Flower','Door','Door','videos/17327.mp4','thumbnails/17327.jpg','General','Advanced'),(115,115,'What does this sign mean?','Black','Green','Color','Yellow','Green','videos/69353.mp4','thumbnails/69353.jpg','Colors','Beginner'),(116,116,'What does this sign mean?','Hair','Some','Russia','Late','Hair','videos/26173.mp4','thumbnails/26173.jpg','General','Advanced'),(117,117,'What does this sign mean?','Have','Bathroom','Arrive','Past','Have','videos/69360.mp4','thumbnails/69360.jpg','General','Advanced'),(118,118,'What does this sign mean?','Window','Careful','Hot','Headache','Headache','videos/26835.mp4','thumbnails/26835.jpg','General','Advanced'),(119,119,'What does this sign mean?','Inform','City','Accident','Door','Inform','videos/29648.mp4','thumbnails/29648.jpg','General','Advanced'),(120,120,'What does this sign mean?','Knife','Business','Hat','Future','Knife','videos/31843.mp4','thumbnails/31843.jpg','General','Advanced'),(121,121,'What does this sign mean?','Laugh','Happy','Cry','Like','Laugh','videos/32398.mp4','thumbnails/32398.jpg','Emotion','Advanced'),(122,122,'What does this sign mean?','Study','Dance','Learn','Run','Learn','videos/32608.mp4','thumbnails/32608.jpg','Daily Actions','Intermediate'),(123,123,'What does this sign mean?','Leave','Movie','Office','Yesterday','Movie','videos/37126.mp4','thumbnails/37126.jpg','General','Advanced'),(124,124,'What does this sign mean?','Knife','Rabbit','Cheat','Paint','Rabbit','videos/45837.mp4','thumbnails/45837.jpg','General','Advanced'),(125,125,'What does this sign mean?','Read','Meet','Cook','Run','Read','videos/46266.mp4','thumbnails/46266.jpg','Daily Actions','Intermediate'),(126,126,'What does this sign mean?','Red','White','Blue','Pink','Red','videos/69446.mp4','thumbnails/69446.jpg','Colors','Beginner'),(127,127,'What does this sign mean?','Book','Test','Room','Computer','Room','videos/48509.mp4','thumbnails/48509.jpg','School','Advanced'),(128,128,'What does this sign mean?','Drive','Drink','Run','Go','Run','videos/48797.mp4','thumbnails/48797.jpg','Daily Actions','Intermediate'),(129,129,'What does this sign mean?','Show','Write','Finish','Buy','Show','videos/66473.mp4','thumbnails/66473.jpg','Daily Actions','Intermediate'),(130,130,'What does this sign mean?','List','Sick','Hour','Bird','Sick','videos/69470.mp4','thumbnails/69470.jpg','General','Advanced'),(131,131,'What does this sign mean?','Table','Snow','Can','Deaf','Snow','videos/69481.mp4','thumbnails/69481.jpg','General','Advanced'),(132,132,'What does this sign mean?','Take','Help','Close','Read','Take','videos/69500.mp4','thumbnails/69500.jpg','Daily Actions','Intermediate'),(133,133,'What does this sign mean?','Salt','Apple','Tea','Egg','Tea','videos/57082.mp4','thumbnails/57082.jpg','Food','Intermediate'),(134,134,'What does this sign mean?','College','Paper','Pencil','Teacher','Teacher','videos/57044.mp4','thumbnails/57044.jpg','School','Advanced'),(135,135,'What does this sign mean?','Week','Clock','Kiss','Hard','Week','videos/62746.mp4','thumbnails/62746.jpg','General','Advanced'),(136,136,'What does this sign mean?','Who','No','Why','Yes','Why','videos/63283.mp4','thumbnails/63283.jpg','Greetings','Beginner'),(137,137,'What does this sign mean?','Knife','Boy','With','Chair','With','videos/69539.mp4','thumbnails/69539.jpg','General','Advanced'),(138,138,'What does this sign mean?','Write','Dance','Walk','Study','Write','videos/69544.mp4','thumbnails/69544.jpg','Daily Actions','Intermediate'),(139,139,'What does this sign mean?','President','Yesterday','Christmas','Dress','Yesterday','videos/64307.mp4','thumbnails/64307.jpg','General','Advanced'),(140,140,'What does this sign mean?','Again','Please','Where','You','Again','videos/01466.mp4','thumbnails/01466.jpg','Greetings','Beginner'),(141,141,'What does this sign mean?','Bad','Happy','Tired','Laugh','Bad','videos/69219.mp4','thumbnails/69219.jpg','Emotion','Advanced'),(142,142,'What does this sign mean?','With','Ball','Shirt','Trade','Ball','videos/69221.mp4','thumbnails/69221.jpg','General','Advanced'),(143,143,'What does this sign mean?','Clock','Now','Bathroom','Animal','Bathroom','videos/05299.mp4','thumbnails/05299.jpg','General','Advanced'),(144,144,'What does this sign mean?','Decide','Blanket','Year','Different','Blanket','videos/06553.mp4','thumbnails/06553.jpg','General','Advanced'),(145,145,'What does this sign mean?','Walk','Buy','Go','Close','Buy','videos/69255.mp4','thumbnails/69255.jpg','Daily Actions','Intermediate'),(146,146,'What does this sign mean?','Work','Call','Wait','Dance','Call','videos/65290.mp4','thumbnails/65290.jpg','Daily Actions','Intermediate'),(147,147,'What does this sign mean?','Coffee','Milk','Candy','Fish','Coffee','videos/11566.mp4','thumbnails/11566.jpg','Food','Intermediate'),(148,148,'What does this sign mean?','Soon','Cold','Your','Headache','Cold','videos/65377.mp4','thumbnails/65377.jpg','General','Advanced'),(149,149,'What does this sign mean?','College','Room','Teacher','Class','College','videos/65379.mp4','thumbnails/65379.jpg','School','Advanced'),(150,150,'What does this sign mean?','Some','Office','Humble','Copy','Copy','videos/13269.mp4','thumbnails/13269.jpg','General','Advanced'),(151,151,'What does this sign mean?','Hear','Trade','Clothes','Cute','Cute','videos/14457.mp4','thumbnails/14457.jpg','General','Advanced'),(152,152,'What does this sign mean?','Son','Daughter','Mother','Baby','Daughter','videos/14755.mp4','thumbnails/14755.jpg','Family','Intermediate'),(153,153,'What does this sign mean?','Example','Soon','Mean','Right','Example','videos/20067.mp4','thumbnails/20067.jpg','General','Advanced'),(154,154,'What does this sign mean?','Far','Train','Future','Day','Far','videos/21073.mp4','thumbnails/21073.jpg','General','Advanced'),(155,155,'What does this sign mean?','All','More','First','Most','First','videos/22086.mp4','thumbnails/22086.jpg','Numbers','Beginner'),(156,156,'What does this sign mean?','Interest','Friend','Football','Hearing','Friend','videos/23574.mp4','thumbnails/23574.jpg','General','Advanced'),(157,157,'What does this sign mean?','Good','Where','What','Yes','Good','videos/69347.mp4','thumbnails/69347.jpg','Greetings','Beginner'),(158,158,'What does this sign mean?','Happy','Enjoy','Bad','Wrong','Happy','videos/26530.mp4','thumbnails/26530.jpg','Emotion','Advanced'),(159,159,'What does this sign mean?','Time','Cough','Home','Discuss','Home','videos/69366.mp4','thumbnails/69366.jpg','General','Advanced'),(160,160,'What does this sign mean?','Know','Bed','Soon','Since','Know','videos/31900.mp4','thumbnails/31900.jpg','General','Advanced'),(161,161,'What does this sign mean?','Mean','Late','Accident','Want','Late','videos/32304.mp4','thumbnails/32304.jpg','General','Advanced'),(162,162,'What does this sign mean?','Ball','Police','Headache','Leave','Leave','videos/32655.mp4','thumbnails/32655.jpg','General','Advanced'),(163,163,'What does this sign mean?','Blanket','Trade','Business','List','List','videos/33475.mp4','thumbnails/33475.jpg','General','Advanced'),(164,164,'What does this sign mean?','Future','Month','Yesterday','Name','Name','videos/69405.mp4','thumbnails/69405.jpg','General','Advanced'),(165,165,'What does this sign mean?','Old','Stay','Bring','Mean','Old','videos/69419.mp4','thumbnails/69419.jpg','General','Advanced'),(166,166,'What does this sign mean?','Person','Woman','Wife','Father','Person','videos/42227.mp4','thumbnails/42227.jpg','Family','Intermediate'),(167,167,'What does this sign mean?','Future','Year','Your','Police','Police','videos/43528.mp4','thumbnails/43528.jpg','General','Advanced'),(168,168,'What does this sign mean?','Rabbit','Glasses','Problem','Draw','Problem','videos/44684.mp4','thumbnails/44684.jpg','General','Advanced'),(169,169,'What does this sign mean?','Can','Basketball','Home','Remember','Remember','videos/47178.mp4','thumbnails/47178.jpg','General','Advanced'),(170,170,'What does this sign mean?','Teach','Cute','Share','Plan','Share','videos/50855.mp4','thumbnails/50855.jpg','General','Advanced'),(171,171,'What does this sign mean?','Chair','City','Train','Soon','Soon','videos/53295.mp4','thumbnails/53295.jpg','General','Advanced'),(172,172,'What does this sign mean?','Arrive','Friend','Stay','City','Stay','videos/54561.mp4','thumbnails/54561.jpg','General','Advanced'),(173,173,'What does this sign mean?','Back','Hard','Sunday','Deaf','Sunday','videos/55773.mp4','thumbnails/55773.jpg','General','Advanced'),(174,174,'What does this sign mean?','Test','Graduate','Room','Book','Test','videos/57530.mp4','thumbnails/57530.jpg','School','Advanced'),(175,175,'What does this sign mean?','Bad','Tired','Enjoy','Cry','Tired','videos/58594.mp4','thumbnails/58594.jpg','Emotion','Advanced'),(176,176,'What does this sign mean?','Animal','Bowling','Trade','President','Trade','videos/59206.mp4','thumbnails/59206.jpg','General','Advanced'),(177,177,'What does this sign mean?','Dog','Travel','Friend','Bath','Travel','videos/59500.mp4','thumbnails/59500.jpg','General','Advanced'),(178,178,'What does this sign mean?','Improve','Window','Far','Letter','Window','videos/66791.mp4','thumbnails/66791.jpg','General','Advanced'),(179,179,'What does this sign mean?','Who','No','You','What','You','videos/69547.mp4','thumbnails/69547.jpg','Greetings','Beginner'),(180,180,'What does this sign mean?','Medicine','About','Secretary','Home','About','videos/00416.mp4','thumbnails/00416.jpg','General','Advanced'),(181,181,'What does this sign mean?','Basketball','Letter','Cow','Approve','Approve','videos/03122.mp4','thumbnails/03122.jpg','General','Advanced'),(182,182,'What does this sign mean?','Arrive','Plan','Live','Full','Arrive','videos/03441.mp4','thumbnails/03441.jpg','General','Advanced'),(183,183,'What does this sign mean?','Here','Balance','Sunday','Bake','Balance','videos/04801.mp4','thumbnails/04801.jpg','General','Advanced'),(184,184,'What does this sign mean?','Cereal','Tomato','Orange','Banana','Banana','videos/04900.mp4','thumbnails/04900.jpg','Food','Intermediate'),(185,185,'What does this sign mean?','Ugly','Beard','Careful','Bed','Beard','videos/05470.mp4','thumbnails/05470.jpg','General','Advanced'),(186,186,'What does this sign mean?','Rabbit','Because','Divorce','Need','Because','videos/05598.mp4','thumbnails/05598.jpg','General','Advanced'),(187,187,'What does this sign mean?','Doctor','Bed','Feel','Boy','Boy','videos/69245.mp4','thumbnails/69245.jpg','General','Advanced'),(188,188,'What does this sign mean?','Business','Window','None','Live','Business','videos/08372.mp4','thumbnails/08372.jpg','General','Advanced'),(189,189,'What does this sign mean?','Careful','Cheat','Can','Cough','Careful','videos/09185.mp4','thumbnails/09185.jpg','General','Advanced'),(190,190,'What does this sign mean?','Center','Soon','Leave','Business','Center','videos/09723.mp4','thumbnails/09723.jpg','General','Advanced'),(191,191,'What does this sign mean?','Sunday','Leave','Bath','Chat','Chat','videos/10104.mp4','thumbnails/10104.jpg','General','Advanced'),(192,192,'What does this sign mean?','Son','Children','Family','Daughter','Children','videos/10464.mp4','thumbnails/10464.jpg','Family','Intermediate'),(193,193,'What does this sign mean?','Christmas','President','Now','Glasses','Christmas','videos/10708.mp4','thumbnails/10708.jpg','General','Advanced'),(194,194,'What does this sign mean?','Cheese','Game','Now','Clock','Clock','videos/11198.mp4','thumbnails/11198.jpg','General','Advanced'),(195,195,'What does this sign mean?','Finish','Show','Close','Wait','Close','videos/11252.mp4','thumbnails/11252.jpg','Daily Actions','Intermediate'),(196,196,'What does this sign mean?','Match','Convince','Headache','Dark','Convince','videos/13135.mp4','thumbnails/13135.jpg','General','Advanced'),(197,197,'What does this sign mean?','Country','Champion','Dog','Easy','Country','videos/13546.mp4','thumbnails/13546.jpg','General','Advanced'),(198,198,'What does this sign mean?','Cat','Because','Bring','Crash','Crash','videos/69284.mp4','thumbnails/69284.jpg','General','Advanced'),(199,199,'What does this sign mean?','Office','Bake','Day','Because','Day','videos/69291.mp4','thumbnails/69291.jpg','General','Advanced'),(200,200,'What does this sign mean?','Internet','Have','Hard','Discuss','Discuss','videos/16587.mp4','thumbnails/16587.jpg','General','Advanced'),(201,201,'What does this sign mean?','Heart','Dress','City','Last','Dress','videos/65535.mp4','thumbnails/65535.jpg','General','Advanced'),(202,202,'What does this sign mean?','Show','Drink','Drive','Buy','Drive','videos/17761.mp4','thumbnails/17761.jpg','Daily Actions','Intermediate'),(203,203,'What does this sign mean?','Law','Ugly','Drop','Balance','Drop','videos/65544.mp4','thumbnails/65544.jpg','General','Advanced'),(204,204,'What does this sign mean?','Decide','Fat','Russia','Table','Fat','videos/65692.mp4','thumbnails/65692.jpg','General','Advanced'),(205,205,'What does this sign mean?','Feel','Change','Careful','Name','Feel','videos/69319.mp4','thumbnails/69319.jpg','General','Advanced'),(206,206,'What does this sign mean?','Football','Have','Champion','Behind','Football','videos/69331.mp4','thumbnails/69331.jpg','General','Advanced'),(207,207,'What does this sign mean?','Last','Future','Mean','Because','Future','videos/23951.mp4','thumbnails/23951.jpg','General','Advanced'),(208,208,'What does this sign mean?','Halloween','Doctor','Blanket','Game','Game','videos/24033.mp4','thumbnails/24033.jpg','General','Advanced'),(209,209,'What does this sign mean?','Girl','Hot','Heart','Plan','Girl','videos/69342.mp4','thumbnails/69342.jpg','General','Advanced'),(210,210,'What does this sign mean?','Teach','Basketball','Government','Football','Government','videos/25244.mp4','thumbnails/25244.jpg','General','Advanced'),(211,211,'What does this sign mean?','Hear','Glasses','Know','Inform','Hear','videos/26946.mp4','thumbnails/26946.jpg','General','Advanced'),(212,212,'What does this sign mean?','Here','Week','Knife','Accident','Here','videos/69365.mp4','thumbnails/69365.jpg','General','Advanced'),(213,213,'What does this sign mean?','Hope','Accident','Want','East','Hope','videos/27922.mp4','thumbnails/27922.jpg','General','Advanced'),(214,214,'What does this sign mean?','Yesterday','Letter','Approve','House','House','videos/69369.mp4','thumbnails/69369.jpg','General','Advanced'),(215,215,'What does this sign mean?','Cousin','Baby','Person','Husband','Husband','videos/28469.mp4','thumbnails/28469.jpg','Family','Intermediate'),(216,216,'What does this sign mean?','Some','Interest','Can','Same','Interest','videos/65950.mp4','thumbnails/65950.jpg','General','Advanced'),(217,217,'What does this sign mean?','Rabbit','Join','Girl','Change','Join','videos/31151.mp4','thumbnails/31151.jpg','General','Advanced'),(218,218,'What does this sign mean?','Chat','Light','Catch','Knife','Light','videos/66069.mp4','thumbnails/66069.jpg','General','Advanced'),(219,219,'What does this sign mean?','Government','Rabbit','Live','Hope','Live','videos/33545.mp4','thumbnails/33545.jpg','General','Advanced'),(220,220,'What does this sign mean?','Have','Hair','Make','Want','Make','videos/34581.mp4','thumbnails/34581.jpg','General','Advanced'),(221,221,'What does this sign mean?','Sick','Mean','Friendly','Halloween','Mean','videos/35305.mp4','thumbnails/35305.jpg','General','Advanced'),(222,222,'What does this sign mean?','More','Many','Most','All','More','videos/69401.mp4','thumbnails/69401.jpg','Numbers','Beginner'),(223,223,'What does this sign mean?','Most','First','Many','All','Most','videos/66145.mp4','thumbnails/66145.jpg','Numbers','Beginner'),(224,224,'What does this sign mean?','Animal','Music','Drop','Bathroom','Music','videos/37370.mp4','thumbnails/37370.jpg','General','Advanced'),(225,225,'What does this sign mean?','Discuss','Light','Money','New','New','videos/69407.mp4','thumbnails/69407.jpg','General','Advanced'),(226,226,'What does this sign mean?','Movie','None','Right','President','None','videos/69412.mp4','thumbnails/69412.jpg','General','Advanced'),(227,227,'What does this sign mean?','Yesterday','Thin','City','Office','Office','videos/39460.mp4','thumbnails/39460.jpg','General','Advanced'),(228,228,'What does this sign mean?','Catch','Order','Dog','Later','Order','videos/66248.mp4','thumbnails/66248.jpg','General','Advanced'),(229,229,'What does this sign mean?','Since','Example','Pants','Train','Pants','videos/66261.mp4','thumbnails/66261.jpg','General','Advanced'),(230,230,'What does this sign mean?','Center','Teach','Party','Cheat','Party','videos/41315.mp4','thumbnails/41315.jpg','General','Advanced'),(231,231,'What does this sign mean?','House','Argue','Past','Bring','Past','videos/41452.mp4','thumbnails/41452.jpg','General','Advanced'),(232,232,'What does this sign mean?','Pencil','Room','Book','Computer','Pencil','videos/41822.mp4','thumbnails/41822.jpg','School','Advanced'),(233,233,'What does this sign mean?','Sign','Plan','Ball','Forget','Plan','videos/43062.mp4','thumbnails/43062.jpg','General','Advanced'),(234,234,'What does this sign mean?','What','Please','Who','How','Please','videos/69434.mp4','thumbnails/69434.jpg','Greetings','Beginner'),(235,235,'What does this sign mean?','Practice','Some','Back','Jacket','Practice','videos/44087.mp4','thumbnails/44087.jpg','General','Advanced'),(236,236,'What does this sign mean?','Thanksgiving','President','Country','Want','President','videos/44373.mp4','thumbnails/44373.jpg','General','Advanced'),(237,237,'What does this sign mean?','Restaurant','Thin','Paint','Hear','Restaurant','videos/47661.mp4','thumbnails/47661.jpg','General','Advanced'),(238,238,'What does this sign mean?','Give','Tell','Check','Ride','Ride','videos/48050.mp4','thumbnails/48050.jpg','Daily Actions','Intermediate'),(239,239,'What does this sign mean?','Letter','Improve','Join','Russia','Russia','videos/48901.mp4','thumbnails/48901.jpg','General','Advanced'),(240,240,'What does this sign mean?','Fish','Candy','Meat','Salt','Salt','videos/69451.mp4','thumbnails/69451.jpg','Food','Intermediate'),(241,241,'What does this sign mean?','Trade','Catch','Some','Sandwich','Sandwich','videos/49250.mp4','thumbnails/49250.jpg','General','Advanced'),(242,242,'What does this sign mean?','Pull','Center','Sign','Share','Sign','videos/66478.mp4','thumbnails/66478.jpg','General','Advanced'),(243,243,'What does this sign mean?','Since','Live','Example','Decide','Since','videos/69472.mp4','thumbnails/69472.jpg','General','Advanced'),(244,244,'What does this sign mean?','Want','Here','Small','Day','Small','videos/52552.mp4','thumbnails/52552.jpg','General','Advanced'),(245,245,'What does this sign mean?','Accident','Some','Far','Theory','Some','videos/69484.mp4','thumbnails/69484.jpg','General','Advanced'),(246,246,'What does this sign mean?','Basketball','Delicious','Football','South','South','videos/53488.mp4','thumbnails/53488.jpg','General','Advanced'),(247,247,'What does this sign mean?','Class','Paper','Student','Teacher','Student','videos/69494.mp4','thumbnails/69494.jpg','School','Advanced'),(248,248,'What does this sign mean?','Accident','Full','Teach','Glasses','Teach','videos/57058.mp4','thumbnails/57058.jpg','General','Advanced'),(249,249,'What does this sign mean?','Theory','Door','Remember','Feel','Theory','videos/57785.mp4','thumbnails/57785.jpg','General','Advanced'),(250,250,'What does this sign mean?','Water','Salt','Banana','Tomato','Tomato','videos/58791.mp4','thumbnails/58791.jpg','Food','Intermediate'),(251,251,'What does this sign mean?','Hear','Clothes','Stay','Train','Train','videos/59310.mp4','thumbnails/59310.jpg','General','Advanced'),(252,252,'What does this sign mean?','Law','Heart','Ugly','Tall','Ugly','videos/60352.mp4','thumbnails/60352.jpg','General','Advanced'),(253,253,'What does this sign mean?','Full','War','Blanket','Hearing','War','videos/62279.mp4','thumbnails/62279.jpg','General','Advanced'),(254,254,'What does this sign mean?','What','Where','Who','Good','Where','videos/63087.mp4','thumbnails/63087.jpg','Greetings','Beginner'),(255,255,'What does this sign mean?','Clock','President','Your','Future','Your','videos/64433.mp4','thumbnails/64433.jpg','General','Advanced'),(256,256,'What does this sign mean?','Secretary','Always','Some','Doctor','Always','videos/65061.mp4','thumbnails/65061.jpg','General','Advanced'),(257,257,'What does this sign mean?','Delay','Party','Day','Animal','Animal','videos/69211.mp4','thumbnails/69211.jpg','General','Advanced'),(258,258,'What does this sign mean?','Mean','Halloween','Rabbit','Argue','Argue','videos/03268.mp4','thumbnails/03268.jpg','General','Advanced'),(259,259,'What does this sign mean?','Cousin','Person','Baby','Husband','Baby','videos/69217.mp4','thumbnails/69217.jpg','Family','Intermediate'),(260,260,'What does this sign mean?','Remember','Back','Football','Cold','Back','videos/69218.mp4','thumbnails/69218.jpg','General','Advanced'),(261,261,'What does this sign mean?','Practice','Delay','Hard','Bake','Bake','videos/04775.mp4','thumbnails/04775.jpg','General','Advanced'),(262,262,'What does this sign mean?','Hard','Bath','Crash','Cough','Bath','videos/65147.mp4','thumbnails/65147.jpg','General','Advanced'),(263,263,'What does this sign mean?','Yesterday','Behind','Dark','Medicine','Behind','videos/05808.mp4','thumbnails/05808.jpg','General','Advanced'),(264,264,'What does this sign mean?','Bring','Bathroom','Party','South','Bring','videos/69250.mp4','thumbnails/69250.jpg','General','Advanced'),(265,265,'What does this sign mean?','Sign','Live','Change','Catch','Catch','videos/69262.mp4','thumbnails/69262.jpg','General','Advanced'),(266,266,'What does this sign mean?','Tea','Coffee','Orange','Cereal','Cereal','videos/69264.mp4','thumbnails/69264.jpg','Food','Intermediate'),(267,267,'What does this sign mean?','Your','Window','Game','Champion','Champion','videos/09920.mp4','thumbnails/09920.jpg','General','Advanced'),(268,268,'What does this sign mean?','Cheese','Same','Arrive','Fault','Cheese','videos/10275.mp4','thumbnails/10275.jpg','General','Advanced'),(269,269,'What does this sign mean?','Year','Cough','Business','Easy','Cough','videos/13473.mp4','thumbnails/13473.jpg','General','Advanced'),(270,270,'What does this sign mean?','Cough','Crazy','Government','Time','Crazy','videos/13863.mp4','thumbnails/13863.jpg','General','Advanced'),(271,271,'What does this sign mean?','Heart','Ball','Delay','Doctor','Delay','videos/15325.mp4','thumbnails/15325.jpg','General','Advanced'),(272,272,'What does this sign mean?','Kill','Disappear','Delicious','Week','Delicious','videos/15363.mp4','thumbnails/15363.jpg','General','Advanced'),(273,273,'What does this sign mean?','Disappear','Decide','Bath','Kill','Disappear','videos/16441.mp4','thumbnails/16441.jpg','General','Advanced'),(274,274,'What does this sign mean?','Argue','Later','Divorce','Hope','Divorce','videos/16966.mp4','thumbnails/16966.jpg','General','Advanced'),(275,275,'What does this sign mean?','Language','Small','Glasses','Draw','Draw','videos/65531.mp4','thumbnails/65531.jpg','General','Advanced'),(276,276,'What does this sign mean?','Forget','Secretary','Hour','East','East','videos/18294.mp4','thumbnails/18294.jpg','General','Advanced'),(277,277,'What does this sign mean?','Easy','East','Now','Money','Easy','videos/18315.mp4','thumbnails/18315.jpg','General','Advanced'),(278,278,'What does this sign mean?','Cereal','Pizza','Egg','Tea','Egg','videos/18494.mp4','thumbnails/18494.jpg','Food','Intermediate'),(279,279,'What does this sign mean?','Join','Match','Environment','Kiss','Environment','videos/19410.mp4','thumbnails/19410.jpg','General','Advanced'),(280,280,'What does this sign mean?','Daughter','Father','Brother','Man','Father','videos/69318.mp4','thumbnails/69318.jpg','Family','Intermediate'),(281,281,'What does this sign mean?','Fault','Know','Sunday','Cat','Fault','videos/21275.mp4','thumbnails/21275.jpg','General','Advanced'),(282,282,'What does this sign mean?','Flower','Restaurant','Travel','Improve','Flower','videos/65746.mp4','thumbnails/65746.jpg','General','Advanced'),(283,283,'What does this sign mean?','Accident','Friendly','Thin','Basketball','Friendly','videos/65783.mp4','thumbnails/65783.jpg','General','Advanced'),(284,284,'What does this sign mean?','Delicious','Friend','Glasses','Champion','Glasses','videos/24724.mp4','thumbnails/24724.jpg','General','Advanced'),(285,285,'What does this sign mean?','Flower','Halloween','Game','Cold','Halloween','videos/26255.mp4','thumbnails/26255.jpg','General','Advanced'),(286,286,'What does this sign mean?','Hear','Practice','Crash','Hard','Hard','videos/69358.mp4','thumbnails/69358.jpg','General','Advanced'),(287,287,'What does this sign mean?','Beard','Heart','Plan','Rabbit','Heart','videos/27044.mp4','thumbnails/27044.jpg','General','Advanced'),(288,288,'What does this sign mean?','Name','Hour','Ball','Government','Hour','videos/28140.mp4','thumbnails/28140.jpg','General','Advanced'),(289,289,'What does this sign mean?','Sunday','Inform','Day','Humble','Humble','videos/28311.mp4','thumbnails/28311.jpg','General','Advanced'),(290,290,'What does this sign mean?','Can','Same','Hurry','Crazy','Hurry','videos/28423.mp4','thumbnails/28423.jpg','General','Advanced'),(291,291,'What does this sign mean?','Improve','Past','Travel','Business','Improve','videos/29143.mp4','thumbnails/29143.jpg','General','Advanced'),(292,292,'What does this sign mean?','Internet','Inform','Interest','Doctor','Internet','videos/30235.mp4','thumbnails/30235.jpg','General','Advanced'),(293,293,'What does this sign mean?','Jump','Help','Meet','Play','Jump','videos/69380.mp4','thumbnails/69380.jpg','Daily Actions','Intermediate'),(294,294,'What does this sign mean?','Before','Kill','Since','Crazy','Kill','videos/31655.mp4','thumbnails/31655.jpg','General','Advanced'),(295,295,'What does this sign mean?','Sandwich','Game','Language','Law','Law','videos/66017.mp4','thumbnails/66017.jpg','General','Advanced'),(296,296,'What does this sign mean?','List','Past','Party','Match','Match','videos/66106.mp4','thumbnails/66106.jpg','General','Advanced'),(297,297,'What does this sign mean?','Meat','Tea','Apple','Coffee','Meat','videos/35369.mp4','thumbnails/35369.jpg','Food','Intermediate'),(298,298,'What does this sign mean?','Apple','Meat','Milk','Cereal','Milk','videos/36050.mp4','thumbnails/36050.jpg','Food','Intermediate'),(299,299,'What does this sign mean?','Old','Secretary','Money','New','Money','videos/36651.mp4','thumbnails/36651.jpg','General','Advanced'),(300,300,'What does this sign mean?','About','None','Party','Month','Month','videos/36741.mp4','thumbnails/36741.jpg','General','Advanced');
/*!40000 ALTER TABLE `quizzes` ENABLE KEYS */;
UNLOCK TABLES;

--
-- Table structure for table `recognition_history`
--

DROP TABLE IF EXISTS `recognition_history`;
/*!40101 SET @saved_cs_client     = @@character_set_client */;
/*!50503 SET character_set_client = utf8mb4 */;
CREATE TABLE `recognition_history` (
  `history_id` int NOT NULL AUTO_INCREMENT,
  `user_id` int DEFAULT NULL,
  `recognized_text` varchar(255) DEFAULT NULL,
  `confidence` float DEFAULT NULL,
  `created_at` timestamp NULL DEFAULT CURRENT_TIMESTAMP,
  PRIMARY KEY (`history_id`),
  KEY `user_id` (`user_id`),
  CONSTRAINT `recognition_history_ibfk_1` FOREIGN KEY (`user_id`) REFERENCES `users` (`user_id`) ON DELETE CASCADE
) ENGINE=InnoDB AUTO_INCREMENT=33 DEFAULT CHARSET=utf8mb4 COLLATE=utf8mb4_0900_ai_ci;
/*!40101 SET character_set_client = @saved_cs_client */;

--
-- Dumping data for table `recognition_history`
--

LOCK TABLES `recognition_history` WRITE;
/*!40000 ALTER TABLE `recognition_history` DISABLE KEYS */;
/*!40000 ALTER TABLE `recognition_history` ENABLE KEYS */;
UNLOCK TABLES;

--
-- Table structure for table `settings`
--

DROP TABLE IF EXISTS `settings`;
/*!40101 SET @saved_cs_client     = @@character_set_client */;
/*!50503 SET character_set_client = utf8mb4 */;
CREATE TABLE `settings` (
  `setting_id` int NOT NULL AUTO_INCREMENT,
  `user_id` int DEFAULT NULL,
  `text_size` varchar(20) DEFAULT 'medium',
  `contrast_mode` tinyint(1) DEFAULT '0',
  `sound_enabled` tinyint(1) DEFAULT '1',
  PRIMARY KEY (`setting_id`),
  UNIQUE KEY `user_id` (`user_id`),
  CONSTRAINT `settings_ibfk_1` FOREIGN KEY (`user_id`) REFERENCES `users` (`user_id`) ON DELETE CASCADE
) ENGINE=InnoDB DEFAULT CHARSET=utf8mb4 COLLATE=utf8mb4_0900_ai_ci;
/*!40101 SET character_set_client = @saved_cs_client */;

--
-- Dumping data for table `settings`
--

LOCK TABLES `settings` WRITE;
/*!40000 ALTER TABLE `settings` DISABLE KEYS */;
/*!40000 ALTER TABLE `settings` ENABLE KEYS */;
UNLOCK TABLES;

--
-- Table structure for table `streaks`
--

DROP TABLE IF EXISTS `streaks`;
/*!40101 SET @saved_cs_client     = @@character_set_client */;
/*!50503 SET character_set_client = utf8mb4 */;
CREATE TABLE `streaks` (
  `streak_id` int NOT NULL AUTO_INCREMENT,
  `user_id` int DEFAULT NULL,
  `current_streak` int DEFAULT '0',
  `last_active_date` date DEFAULT NULL,
  PRIMARY KEY (`streak_id`),
  UNIQUE KEY `user_id` (`user_id`),
  CONSTRAINT `streaks_ibfk_1` FOREIGN KEY (`user_id`) REFERENCES `users` (`user_id`) ON DELETE CASCADE
) ENGINE=InnoDB DEFAULT CHARSET=utf8mb4 COLLATE=utf8mb4_0900_ai_ci;
/*!40101 SET character_set_client = @saved_cs_client */;

--
-- Dumping data for table `streaks`
--

LOCK TABLES `streaks` WRITE;
/*!40000 ALTER TABLE `streaks` DISABLE KEYS */;
/*!40000 ALTER TABLE `streaks` ENABLE KEYS */;
UNLOCK TABLES;

--
-- Table structure for table `user_progress`
--

DROP TABLE IF EXISTS `user_progress`;
/*!40101 SET @saved_cs_client     = @@character_set_client */;
/*!50503 SET character_set_client = utf8mb4 */;
CREATE TABLE `user_progress` (
  `progress_id` int NOT NULL AUTO_INCREMENT,
  `user_id` int DEFAULT NULL,
  `lesson_id` int DEFAULT NULL,
  `completed` tinyint(1) DEFAULT '0',
  `score` float DEFAULT '0',
  `updated_at` timestamp NULL DEFAULT CURRENT_TIMESTAMP,
  PRIMARY KEY (`progress_id`),
  KEY `user_id` (`user_id`),
  KEY `lesson_id` (`lesson_id`),
  CONSTRAINT `user_progress_ibfk_1` FOREIGN KEY (`user_id`) REFERENCES `users` (`user_id`) ON DELETE CASCADE,
  CONSTRAINT `user_progress_ibfk_2` FOREIGN KEY (`lesson_id`) REFERENCES `lessons` (`lesson_id`) ON DELETE CASCADE
) ENGINE=InnoDB DEFAULT CHARSET=utf8mb4 COLLATE=utf8mb4_0900_ai_ci;
/*!40101 SET character_set_client = @saved_cs_client */;

--
-- Dumping data for table `user_progress`
--

LOCK TABLES `user_progress` WRITE;
/*!40000 ALTER TABLE `user_progress` DISABLE KEYS */;
/*!40000 ALTER TABLE `user_progress` ENABLE KEYS */;
UNLOCK TABLES;

--
-- Table structure for table `users`
--

DROP TABLE IF EXISTS `users`;
/*!40101 SET @saved_cs_client     = @@character_set_client */;
/*!50503 SET character_set_client = utf8mb4 */;
CREATE TABLE `users` (
  `user_id` int NOT NULL AUTO_INCREMENT,
  `name` varchar(100) NOT NULL,
  `email` varchar(150) NOT NULL,
  `password` varchar(255) NOT NULL,
  `avatar` varchar(255) DEFAULT NULL,
  `created_at` timestamp NULL DEFAULT CURRENT_TIMESTAMP,
  PRIMARY KEY (`user_id`),
  UNIQUE KEY `email` (`email`)
) ENGINE=InnoDB AUTO_INCREMENT=2 DEFAULT CHARSET=utf8mb4 COLLATE=utf8mb4_0900_ai_ci;
/*!40101 SET character_set_client = @saved_cs_client */;

--
-- Dumping data for table `users`
--

LOCK TABLES `users` WRITE;
/*!40000 ALTER TABLE `users` DISABLE KEYS */;
INSERT INTO `users` VALUES (1,'Thảo','thao@gmail.com','$2b$12$bXq6S8rbxgoP0rDDRifrMuQBJKciKOGiIC8C3MgAvS4efO7psQopi',NULL,'2026-05-12 12:39:01');
/*!40000 ALTER TABLE `users` ENABLE KEYS */;
UNLOCK TABLES;
/*!40103 SET TIME_ZONE=@OLD_TIME_ZONE */;

/*!40101 SET SQL_MODE=@OLD_SQL_MODE */;
/*!40014 SET FOREIGN_KEY_CHECKS=@OLD_FOREIGN_KEY_CHECKS */;
/*!40014 SET UNIQUE_CHECKS=@OLD_UNIQUE_CHECKS */;
/*!40101 SET CHARACTER_SET_CLIENT=@OLD_CHARACTER_SET_CLIENT */;
/*!40101 SET CHARACTER_SET_RESULTS=@OLD_CHARACTER_SET_RESULTS */;
/*!40101 SET COLLATION_CONNECTION=@OLD_COLLATION_CONNECTION */;
/*!40111 SET SQL_NOTES=@OLD_SQL_NOTES */;

-- Dump completed on 2026-05-13  8:30:50
